5E-CF-7F-01-85-56,5ECF7F018556,5C-CF-7F-01-85-56,5CCF7F018556
5E-CF-7F-01-85-56,5ECF7F018556,5C-CF-7F-01-85-56,5CCF7F018556
5E-CF-7F-AE-7A-1D,5ECF7FAE7A1D,5C-CF-7F-AE-7A-1D,5CCF7FAE7A1D
5E-CF-7F-AE-7A-1D,5ECF7FAE7A1D,5C-CF-7F-AE-7A-1D,5CCF7FAE7A1D
5E-CF-7F-AE-7A-1D,5ECF7FAE7A1D,5C-CF-7F-AE-7A-1D,5CCF7FAE7A1D
5E-CF-7F-AE-7A-1D,5ECF7FAE7A1D,5C-CF-7F-AE-7A-1D,5CCF7FAE7A1D
5E-CF-7F-AE-7A-1D,5ECF7FAE7A1D,5C-CF-7F-AE-7A-1D,5CCF7FAE7A1D
5E-CF-7F-AE-7A-1D,5ECF7FAE7A1D,5C-CF-7F-AE-7A-1D,5CCF7FAE7A1D
5E-CF-7F-AE-7A-1D,5ECF7FAE7A1D,5C-CF-7F-AE-7A-1D,5CCF7FAE7A1D
5E-CF-7F-AE-7A-1D,5ECF7FAE7A1D,5C-CF-7F-AE-7A-1D,5CCF7FAE7A1D
5E-CF-7F-AE-7A-1D,5ECF7FAE7A1D,5C-CF-7F-AE-7A-1D,5CCF7FAE7A1D
5E-CF-7F-AE-7A-1D,5ECF7FAE7A1D,5C-CF-7F-AE-7A-1D,5CCF7FAE7A1D
5E-CF-7F-AE-7A-1D,5ECF7FAE7A1D,5C-CF-7F-AE-7A-1D,5CCF7FAE7A1D
5E-CF-7F-AE-7A-1D,5ECF7FAE7A1D,5C-CF-7F-AE-7A-1D,5CCF7FAE7A1D
5E-CF-7F-AE-7A-1D,5ECF7FAE7A1D,5C-CF-7F-AE-7A-1D,5CCF7FAE7A1D
5E-CF-7F-AE-7A-1D,5ECF7FAE7A1D,5C-CF-7F-AE-7A-1D,5CCF7FAE7A1D
5E-CF-7F-AE-7A-1D,5ECF7FAE7A1D,5C-CF-7F-AE-7A-1D,5CCF7FAE7A1D
5E-CF-7F-AE-7A-1D,5ECF7FAE7A1D,5C-CF-7F-AE-7A-1D,5CCF7FAE7A1D
5E-CF-7F-AE-7A-1D,5ECF7FAE7A1D,5C-CF-7F-AE-7A-1D,5CCF7FAE7A1D
5E-CF-7F-AE-7A-1D,5ECF7FAE7A1D,5C-CF-7F-AE-7A-1D,5CCF7FAE7A1D
